--Dummy data
INSERT INTO "public"."state_level_organization"("state_level_organization_id","name","state")
VALUES
(5,E'Department of Public Instruction',E'VT'),
(4,E'Agency of Education',E'VT'),
(6,E'Superintendent of Public Instruction',E'OH'),
(3,E'Ohio State Board of Education',E'OH'),
(1,E'Dept. of Education',E'MN');

--
INSERT INTO "public"."requirements"("requirements_id","name","description","duration","notification_1_time","notification_2_time")
VALUES
(1,E'Initial TTT Workshop',E'the initial Train the Trainer workshop',0,0,0),
(2,E'Sign TTT Terms of Agreement',E'Sign Papers',10,3,7),
(3,E'Observed/Coached Training Session',NULL,330,150,270),
(4,E'Certification Workshop',E'Get certified',365,160,340),
(5,E'Check And Connect Training 12 months',E'Get trained',365,160,340),
(6,E'Check And Connect Training 24 months',E'Get trained',730,540,670),
(7,E'Recertification',E'Get recertified',730,540,670);

--
INSERT INTO "public"."national_trainer"("national_trainer_id","first_name","last_name","user_name","password","email","title","status","pw_reset_token","pw_reset_time")
VALUES
(4,E'Tyler',E'Smith',E'Tyler',E'$2b$10$B0roQhtvdf313ohA99Tyru4aU20LS7.cs0mDZmH.Vkbbr3m9rw.4m',E'notarealemail@email.com',NULL,TRUE,NULL,E'2018-09-12 22:28:53.477423');

--
INSERT INTO "public"."local_trainers_requirements"("local_trainers_ref_id","cohort_requirements_ref_id","national_trainer_ref_id","completed","notes","scheduled_date","notification_1_sent","notification_2_sent")
VALUES
(13,2,NULL,NULL,NULL,NULL,FALSE,FALSE),
(13,3,NULL,NULL,NULL,NULL,FALSE,FALSE),
(13,1,NULL,NULL,NULL,NULL,FALSE,FALSE),
(13,6,NULL,NULL,NULL,NULL,FALSE,FALSE),
(13,5,NULL,NULL,NULL,NULL,FALSE,FALSE),
(13,4,NULL,NULL,NULL,NULL,FALSE,FALSE),

(14,2,NULL,NULL,NULL,NULL,FALSE,FALSE),
(14,1,NULL,NULL,NULL,NULL,FALSE,FALSE),
(14,3,NULL,NULL,NULL,NULL,FALSE,FALSE),
(14,6,NULL,NULL,NULL,NULL,FALSE,FALSE),
(14,5,NULL,NULL,NULL,NULL,FALSE,FALSE),
(14,4,NULL,NULL,NULL,NULL,FALSE,FALSE),

(15,2,NULL,NULL,NULL,NULL,FALSE,FALSE),
(15,3,NULL,NULL,NULL,NULL,FALSE,FALSE),
(15,1,NULL,NULL,NULL,NULL,FALSE,FALSE),
(15,5,NULL,NULL,NULL,NULL,FALSE,FALSE),
(15,4,NULL,NULL,NULL,NULL,FALSE,FALSE),
(15,6,NULL,NULL,NULL,NULL,FALSE,FALSE),

(16,2,NULL,NULL,NULL,NULL,FALSE,FALSE),
(16,5,NULL,NULL,NULL,NULL,FALSE,FALSE),
(16,1,NULL,NULL,NULL,NULL,FALSE,FALSE),
(16,3,NULL,NULL,NULL,NULL,FALSE,FALSE),
(16,6,NULL,NULL,NULL,NULL,FALSE,FALSE),
(16,4,NULL,NULL,NULL,NULL,FALSE,FALSE),

(17,2,NULL,NULL,NULL,NULL,FALSE,FALSE),
(17,6,NULL,NULL,NULL,NULL,FALSE,FALSE),
(17,4,NULL,NULL,NULL,NULL,FALSE,FALSE),
(17,1,NULL,NULL,NULL,NULL,FALSE,FALSE),
(17,3,NULL,NULL,NULL,NULL,FALSE,FALSE),
(17,5,NULL,NULL,NULL,NULL,FALSE,FALSE),

(18,2,NULL,NULL,NULL,NULL,FALSE,FALSE),
(18,3,NULL,NULL,NULL,NULL,FALSE,FALSE),
(18,1,NULL,NULL,NULL,NULL,FALSE,FALSE),
(18,4,NULL,NULL,NULL,NULL,FALSE,FALSE),
(18,5,NULL,NULL,NULL,NULL,FALSE,FALSE),
(18,6,NULL,NULL,NULL,NULL,FALSE,FALSE),

(19,2,NULL,NULL,NULL,NULL,FALSE,FALSE),
(19,3,NULL,NULL,NULL,NULL,FALSE,FALSE),
(19,1,NULL,NULL,NULL,NULL,FALSE,FALSE),
(19,5,NULL,NULL,NULL,NULL,FALSE,FALSE),
(19,4,NULL,NULL,NULL,NULL,FALSE,FALSE),
(19,6,NULL,NULL,NULL,NULL,FALSE,FALSE),

(20,2,NULL,NULL,NULL,NULL,FALSE,FALSE),
(20,1,NULL,NULL,NULL,NULL,FALSE,FALSE),
(20,5,NULL,NULL,NULL,NULL,FALSE,FALSE),
(20,3,NULL,NULL,NULL,NULL,FALSE,FALSE),
(20,6,NULL,NULL,NULL,NULL,FALSE,FALSE),
(20,4,NULL,NULL,NULL,NULL,FALSE,FALSE),

(21,2,NULL,NULL,NULL,NULL,FALSE,FALSE),
(21,1,NULL,NULL,NULL,NULL,FALSE,FALSE),
(21,3,NULL,NULL,NULL,NULL,FALSE,FALSE),
(21,6,NULL,NULL,NULL,NULL,FALSE,FALSE),
(21,5,NULL,NULL,NULL,NULL,FALSE,FALSE),
(21,4,NULL,NULL,NULL,NULL,FALSE,FALSE),

(22,2,NULL,NULL,NULL,NULL,FALSE,FALSE),
(22,1,NULL,NULL,NULL,NULL,FALSE,FALSE),
(22,3,NULL,NULL,NULL,NULL,FALSE,FALSE),
(22,5,NULL,NULL,NULL,NULL,FALSE,FALSE),
(22,6,NULL,NULL,NULL,NULL,FALSE,FALSE),
(22,4,NULL,NULL,NULL,NULL,FALSE,FALSE),

(23,2,NULL,NULL,NULL,NULL,FALSE,FALSE),
(23,3,NULL,NULL,NULL,NULL,FALSE,FALSE),
(23,1,NULL,NULL,NULL,NULL,FALSE,FALSE),
(23,5,NULL,NULL,NULL,NULL,FALSE,FALSE),
(23,4,NULL,NULL,NULL,NULL,FALSE,FALSE),
(23,6,NULL,NULL,NULL,NULL,FALSE,FALSE),

(24,7,NULL,NULL,NULL,NULL,FALSE,FALSE),
(24,8,NULL,NULL,NULL,NULL,FALSE,FALSE),
(24,9,NULL,NULL,NULL,NULL,FALSE,FALSE),
(24,10,NULL,NULL,NULL,NULL,FALSE,FALSE),
(24,11,NULL,NULL,NULL,NULL,FALSE,FALSE),
(24,12,NULL,NULL,NULL,NULL,FALSE,FALSE),
(24,13,NULL,NULL,NULL,NULL,FALSE,FALSE),
(24,14,NULL,NULL,NULL,NULL,FALSE,FALSE),
(24,15,NULL,NULL,NULL,NULL,FALSE,FALSE),
(24,16,NULL,NULL,NULL,NULL,FALSE,FALSE),
(24,17,NULL,NULL,NULL,NULL,FALSE,FALSE),
(24,18,NULL,NULL,NULL,NULL,FALSE,FALSE),
(24,19,NULL,NULL,NULL,NULL,FALSE,FALSE),
(24,20,NULL,NULL,NULL,NULL,FALSE,FALSE),

(25,7,NULL,NULL,NULL,NULL,FALSE,FALSE),
(25,9,NULL,NULL,NULL,NULL,FALSE,FALSE),
(25,10,NULL,NULL,NULL,NULL,FALSE,FALSE),
(25,8,NULL,NULL,NULL,NULL,FALSE,FALSE),
(25,12,NULL,NULL,NULL,NULL,FALSE,FALSE),
(25,11,NULL,NULL,NULL,NULL,FALSE,FALSE),
(25,13,NULL,NULL,NULL,NULL,FALSE,FALSE),
(25,14,NULL,NULL,NULL,NULL,FALSE,FALSE),
(25,15,NULL,NULL,NULL,NULL,FALSE,FALSE),
(25,16,NULL,NULL,NULL,NULL,FALSE,FALSE),
(25,17,NULL,NULL,NULL,NULL,FALSE,FALSE),
(25,18,NULL,NULL,NULL,NULL,FALSE,FALSE),
(25,19,NULL,NULL,NULL,NULL,FALSE,FALSE),
(25,20,NULL,NULL,NULL,NULL,FALSE,FALSE),

(26,7,NULL,NULL,NULL,NULL,FALSE,FALSE),
(26,9,NULL,NULL,NULL,NULL,FALSE,FALSE),
(26,12,NULL,NULL,NULL,NULL,FALSE,FALSE),
(26,11,NULL,NULL,NULL,NULL,FALSE,FALSE),
(26,8,NULL,NULL,NULL,NULL,FALSE,FALSE),
(26,10,NULL,NULL,NULL,NULL,FALSE,FALSE),
(26,13,NULL,NULL,NULL,NULL,FALSE,FALSE),
(26,14,NULL,NULL,NULL,NULL,FALSE,FALSE),
(26,15,NULL,NULL,NULL,NULL,FALSE,FALSE),
(26,16,NULL,NULL,NULL,NULL,FALSE,FALSE),
(26,17,NULL,NULL,NULL,NULL,FALSE,FALSE),
(26,18,NULL,NULL,NULL,NULL,FALSE,FALSE),
(26,19,NULL,NULL,NULL,NULL,FALSE,FALSE),
(26,20,NULL,NULL,NULL,NULL,FALSE,FALSE),

(27,7,NULL,NULL,NULL,NULL,FALSE,FALSE),
(27,9,NULL,NULL,NULL,NULL,FALSE,FALSE),
(27,12,NULL,NULL,NULL,NULL,FALSE,FALSE),
(27,8,NULL,NULL,NULL,NULL,FALSE,FALSE),
(27,10,NULL,NULL,NULL,NULL,FALSE,FALSE),
(27,11,NULL,NULL,NULL,NULL,FALSE,FALSE),
(27,13,NULL,NULL,NULL,NULL,FALSE,FALSE),
(27,14,NULL,NULL,NULL,NULL,FALSE,FALSE),
(27,15,NULL,NULL,NULL,NULL,FALSE,FALSE),
(27,16,NULL,NULL,NULL,NULL,FALSE,FALSE),
(27,17,NULL,NULL,NULL,NULL,FALSE,FALSE),
(27,18,NULL,NULL,NULL,NULL,FALSE,FALSE),
(27,19,NULL,NULL,NULL,NULL,FALSE,FALSE),
(27,20,NULL,NULL,NULL,NULL,FALSE,FALSE),

(28,21,NULL,NULL,NULL,NULL,FALSE,FALSE),
(28,22,NULL,NULL,NULL,NULL,FALSE,FALSE),
(28,23,NULL,NULL,NULL,NULL,FALSE,FALSE),
(28,24,NULL,NULL,NULL,NULL,FALSE,FALSE),
(28,25,NULL,NULL,NULL,NULL,FALSE,FALSE),
(28,26,NULL,NULL,NULL,NULL,FALSE,FALSE),
(28,27,NULL,NULL,NULL,NULL,FALSE,FALSE),
(28,28,NULL,NULL,NULL,NULL,FALSE,FALSE),
(28,29,NULL,NULL,NULL,NULL,FALSE,FALSE),
(28,30,NULL,NULL,NULL,NULL,FALSE,FALSE),

(29,21,NULL,NULL,NULL,NULL,FALSE,FALSE),
(29,22,NULL,NULL,NULL,NULL,FALSE,FALSE),
(29,23,NULL,NULL,NULL,NULL,FALSE,FALSE),
(29,24,NULL,NULL,NULL,NULL,FALSE,FALSE),
(29,25,NULL,NULL,NULL,NULL,FALSE,FALSE),
(29,26,NULL,NULL,NULL,NULL,FALSE,FALSE),
(29,27,NULL,NULL,NULL,NULL,FALSE,FALSE),
(29,28,NULL,NULL,NULL,NULL,FALSE,FALSE),
(29,29,NULL,NULL,NULL,NULL,FALSE,FALSE),
(29,30,NULL,NULL,NULL,NULL,FALSE,FALSE),

(30,31,NULL,NULL,NULL,NULL,FALSE,FALSE),
(30,32,NULL,NULL,NULL,NULL,FALSE,FALSE),
(30,33,NULL,NULL,NULL,NULL,FALSE,FALSE),
(30,34,NULL,NULL,NULL,NULL,FALSE,FALSE),
(30,35,NULL,NULL,NULL,NULL,FALSE,FALSE),
(30,36,NULL,NULL,NULL,NULL,FALSE,FALSE),

(31,37,NULL,NULL,NULL,NULL,FALSE,FALSE),
(31,38,NULL,NULL,NULL,NULL,FALSE,FALSE),
(31,39,NULL,NULL,NULL,NULL,FALSE,FALSE),
(31,40,NULL,NULL,NULL,NULL,FALSE,FALSE),
(31,41,NULL,NULL,NULL,NULL,FALSE,FALSE),
(31,42,NULL,NULL,NULL,NULL,FALSE,FALSE),
(31,43,NULL,NULL,NULL,NULL,FALSE,FALSE),
(31,44,NULL,NULL,NULL,NULL,FALSE,FALSE),
(31,45,NULL,NULL,NULL,NULL,FALSE,FALSE),
(31,46,NULL,NULL,NULL,NULL,FALSE,FALSE),

(32,47,NULL,NULL,NULL,NULL,FALSE,FALSE),
(32,48,NULL,NULL,NULL,NULL,FALSE,FALSE),
(32,49,NULL,NULL,NULL,NULL,FALSE,FALSE),
(32,50,NULL,NULL,NULL,NULL,FALSE,FALSE),
(32,51,NULL,NULL,NULL,NULL,FALSE,FALSE),
(32,52,NULL,NULL,NULL,NULL,FALSE,FALSE),

(33,47,NULL,NULL,NULL,NULL,FALSE,FALSE),
(33,48,NULL,NULL,NULL,NULL,FALSE,FALSE),
(33,49,NULL,NULL,NULL,NULL,FALSE,FALSE),
(33,50,NULL,NULL,NULL,NULL,FALSE,FALSE),
(33,51,NULL,NULL,NULL,NULL,FALSE,FALSE),
(33,52,NULL,NULL,NULL,NULL,FALSE,FALSE),

(34,37,NULL,NULL,NULL,NULL,FALSE,FALSE),
(34,38,NULL,NULL,NULL,NULL,FALSE,FALSE),
(34,39,NULL,NULL,NULL,NULL,FALSE,FALSE),
(34,40,NULL,NULL,NULL,NULL,FALSE,FALSE),
(34,41,NULL,NULL,NULL,NULL,FALSE,FALSE),
(34,42,NULL,NULL,NULL,NULL,FALSE,FALSE),
(34,43,NULL,NULL,NULL,NULL,FALSE,FALSE),
(34,44,NULL,NULL,NULL,NULL,FALSE,FALSE),
(34,45,NULL,NULL,NULL,NULL,FALSE,FALSE),
(34,46,NULL,NULL,NULL,NULL,FALSE,FALSE),

(35,37,NULL,NULL,NULL,NULL,FALSE,FALSE),
(35,38,NULL,NULL,NULL,NULL,FALSE,FALSE),
(35,39,NULL,NULL,NULL,NULL,FALSE,FALSE),
(35,40,NULL,NULL,NULL,NULL,FALSE,FALSE),
(35,41,NULL,NULL,NULL,NULL,FALSE,FALSE),
(35,42,NULL,NULL,NULL,NULL,FALSE,FALSE),
(35,43,NULL,NULL,NULL,NULL,FALSE,FALSE),
(35,44,NULL,NULL,NULL,NULL,FALSE,FALSE),
(35,45,NULL,NULL,NULL,NULL,FALSE,FALSE),
(35,46,NULL,NULL,NULL,NULL,FALSE,FALSE),

(36,21,NULL,NULL,NULL,NULL,FALSE,FALSE),
(36,22,NULL,NULL,NULL,NULL,FALSE,FALSE),
(36,23,NULL,NULL,NULL,NULL,FALSE,FALSE),
(36,24,NULL,NULL,NULL,NULL,FALSE,FALSE),
(36,25,NULL,NULL,NULL,NULL,FALSE,FALSE),
(36,26,NULL,NULL,NULL,NULL,FALSE,FALSE),
(36,27,NULL,NULL,NULL,NULL,FALSE,FALSE),
(36,28,NULL,NULL,NULL,NULL,FALSE,FALSE),
(36,29,NULL,NULL,NULL,NULL,FALSE,FALSE),
(36,30,NULL,NULL,NULL,NULL,FALSE,FALSE),

(37,47,NULL,NULL,NULL,NULL,FALSE,FALSE),
(37,48,NULL,NULL,NULL,NULL,FALSE,FALSE),
(37,49,NULL,NULL,NULL,NULL,FALSE,FALSE),
(37,50,NULL,NULL,NULL,NULL,FALSE,FALSE),
(37,51,NULL,NULL,NULL,NULL,FALSE,FALSE),
(37,52,NULL,NULL,NULL,NULL,FALSE,FALSE),

(38,47,NULL,NULL,NULL,NULL,FALSE,FALSE),
(38,48,NULL,NULL,NULL,NULL,FALSE,FALSE),
(38,49,NULL,NULL,NULL,NULL,FALSE,FALSE),
(38,50,NULL,NULL,NULL,NULL,FALSE,FALSE),
(38,51,NULL,NULL,NULL,NULL,FALSE,FALSE),
(38,52,NULL,NULL,NULL,NULL,FALSE,FALSE),

(39,37,NULL,NULL,NULL,NULL,FALSE,FALSE),
(39,38,NULL,NULL,NULL,NULL,FALSE,FALSE),
(39,39,NULL,NULL,NULL,NULL,FALSE,FALSE),
(39,40,NULL,NULL,NULL,NULL,FALSE,FALSE),
(39,41,NULL,NULL,NULL,NULL,FALSE,FALSE),
(39,42,NULL,NULL,NULL,NULL,FALSE,FALSE),
(39,43,NULL,NULL,NULL,NULL,FALSE,FALSE),
(39,44,NULL,NULL,NULL,NULL,FALSE,FALSE),
(39,45,NULL,NULL,NULL,NULL,FALSE,FALSE),
(39,46,NULL,NULL,NULL,NULL,FALSE,FALSE),

(40,7,NULL,NULL,NULL,NULL,FALSE,FALSE),
(40,8,NULL,NULL,NULL,NULL,FALSE,FALSE),
(40,9,NULL,NULL,NULL,NULL,FALSE,FALSE),
(40,10,NULL,NULL,NULL,NULL,FALSE,FALSE),
(40,12,NULL,NULL,NULL,NULL,FALSE,FALSE),
(40,11,NULL,NULL,NULL,NULL,FALSE,FALSE),
(40,13,NULL,NULL,NULL,NULL,FALSE,FALSE),
(40,14,NULL,NULL,NULL,NULL,FALSE,FALSE),
(40,15,NULL,NULL,NULL,NULL,FALSE,FALSE),
(40,16,NULL,NULL,NULL,NULL,FALSE,FALSE),
(40,17,NULL,NULL,NULL,NULL,FALSE,FALSE),
(40,18,NULL,NULL,NULL,NULL,FALSE,FALSE),
(40,19,NULL,NULL,NULL,NULL,FALSE,FALSE),
(40,20,NULL,NULL,NULL,NULL,FALSE,FALSE),

(41,7,NULL,NULL,NULL,NULL,FALSE,FALSE),
(41,9,NULL,NULL,NULL,NULL,FALSE,FALSE),
(41,8,NULL,NULL,NULL,NULL,FALSE,FALSE),
(41,10,NULL,NULL,NULL,NULL,FALSE,FALSE),
(41,12,NULL,NULL,NULL,NULL,FALSE,FALSE),
(41,11,NULL,NULL,NULL,NULL,FALSE,FALSE),
(41,13,NULL,NULL,NULL,NULL,FALSE,FALSE),
(41,14,NULL,NULL,NULL,NULL,FALSE,FALSE),
(41,15,NULL,NULL,NULL,NULL,FALSE,FALSE),
(41,16,NULL,NULL,NULL,NULL,FALSE,FALSE),
(41,17,NULL,NULL,NULL,NULL,FALSE,FALSE),
(41,18,NULL,NULL,NULL,NULL,FALSE,FALSE),
(41,19,NULL,NULL,NULL,NULL,FALSE,FALSE),
(41,20,NULL,NULL,NULL,NULL,FALSE,FALSE),

(42,7,NULL,NULL,NULL,NULL,FALSE,FALSE),
(42,10,NULL,NULL,NULL,NULL,FALSE,FALSE),
(42,11,NULL,NULL,NULL,NULL,FALSE,FALSE),
(42,9,NULL,NULL,NULL,NULL,FALSE,FALSE),
(42,12,NULL,NULL,NULL,NULL,FALSE,FALSE),
(42,8,NULL,NULL,NULL,NULL,FALSE,FALSE),
(42,13,NULL,NULL,NULL,NULL,FALSE,FALSE),
(42,14,NULL,NULL,NULL,NULL,FALSE,FALSE),
(42,15,NULL,NULL,NULL,NULL,FALSE,FALSE),
(42,16,NULL,NULL,NULL,NULL,FALSE,FALSE),
(42,17,NULL,NULL,NULL,NULL,FALSE,FALSE),
(42,18,NULL,NULL,NULL,NULL,FALSE,FALSE),
(42,19,NULL,NULL,NULL,NULL,FALSE,FALSE),
(42,20,NULL,NULL,NULL,NULL,FALSE,FALSE),

(43,7,NULL,NULL,NULL,NULL,FALSE,FALSE),
(43,9,NULL,NULL,NULL,NULL,FALSE,FALSE),
(43,8,NULL,NULL,NULL,NULL,FALSE,FALSE),
(43,10,NULL,NULL,NULL,NULL,FALSE,FALSE),
(43,12,NULL,NULL,NULL,NULL,FALSE,FALSE),
(43,11,NULL,NULL,NULL,NULL,FALSE,FALSE),
(43,13,NULL,NULL,NULL,NULL,FALSE,FALSE),
(43,14,NULL,NULL,NULL,NULL,FALSE,FALSE),
(43,15,NULL,NULL,NULL,NULL,FALSE,FALSE),
(43,16,NULL,NULL,NULL,NULL,FALSE,FALSE),
(43,17,NULL,NULL,NULL,NULL,FALSE,FALSE),
(43,18,NULL,NULL,NULL,NULL,FALSE,FALSE),
(43,19,NULL,NULL,NULL,NULL,FALSE,FALSE),
(43,20,NULL,NULL,NULL,NULL,FALSE,FALSE),

(44,7,NULL,NULL,NULL,NULL,FALSE,FALSE),
(44,9,NULL,NULL,NULL,NULL,FALSE,FALSE),
(44,8,NULL,NULL,NULL,NULL,FALSE,FALSE),
(44,10,NULL,NULL,NULL,NULL,FALSE,FALSE),
(44,12,NULL,NULL,NULL,NULL,FALSE,FALSE),
(44,11,NULL,NULL,NULL,NULL,FALSE,FALSE),
(44,13,NULL,NULL,NULL,NULL,FALSE,FALSE),
(44,14,NULL,NULL,NULL,NULL,FALSE,FALSE),
(44,15,NULL,NULL,NULL,NULL,FALSE,FALSE),
(44,16,NULL,NULL,NULL,NULL,FALSE,FALSE),
(44,17,NULL,NULL,NULL,NULL,FALSE,FALSE),
(44,18,NULL,NULL,NULL,NULL,FALSE,FALSE),
(44,19,NULL,NULL,NULL,NULL,FALSE,FALSE),
(44,20,NULL,NULL,NULL,NULL,FALSE,FALSE),

(45,21,NULL,NULL,NULL,NULL,FALSE,FALSE),
(45,22,NULL,NULL,NULL,NULL,FALSE,FALSE),
(45,23,NULL,NULL,NULL,NULL,FALSE,FALSE),
(45,24,NULL,NULL,NULL,NULL,FALSE,FALSE),
(45,25,NULL,NULL,NULL,NULL,FALSE,FALSE),
(45,26,NULL,NULL,NULL,NULL,FALSE,FALSE),
(45,27,NULL,NULL,NULL,NULL,FALSE,FALSE),
(45,28,NULL,NULL,NULL,NULL,FALSE,FALSE),
(45,29,NULL,NULL,NULL,NULL,FALSE,FALSE),
(45,30,NULL,NULL,NULL,NULL,FALSE,FALSE),

(46,21,NULL,NULL,NULL,NULL,FALSE,FALSE),
(46,22,NULL,NULL,NULL,NULL,FALSE,FALSE),
(46,23,NULL,NULL,NULL,NULL,FALSE,FALSE),
(46,24,NULL,NULL,NULL,NULL,FALSE,FALSE),
(46,25,NULL,NULL,NULL,NULL,FALSE,FALSE),
(46,26,NULL,NULL,NULL,NULL,FALSE,FALSE),
(46,27,NULL,NULL,NULL,NULL,FALSE,FALSE),
(46,28,NULL,NULL,NULL,NULL,FALSE,FALSE),
(46,29,NULL,NULL,NULL,NULL,FALSE,FALSE),
(46,30,NULL,NULL,NULL,NULL,FALSE,FALSE),

(47,31,NULL,NULL,NULL,NULL,FALSE,FALSE),
(47,32,NULL,NULL,NULL,NULL,FALSE,FALSE),
(47,33,NULL,NULL,NULL,NULL,FALSE,FALSE),
(47,34,NULL,NULL,NULL,NULL,FALSE,FALSE),
(47,35,NULL,NULL,NULL,NULL,FALSE,FALSE),
(47,36,NULL,NULL,NULL,NULL,FALSE,FALSE),

(48,31,NULL,NULL,NULL,NULL,FALSE,FALSE),
(48,32,NULL,NULL,NULL,NULL,FALSE,FALSE),
(48,33,NULL,NULL,NULL,NULL,FALSE,FALSE),
(48,34,NULL,NULL,NULL,NULL,FALSE,FALSE),
(48,35,NULL,NULL,NULL,NULL,FALSE,FALSE),
(48,36,NULL,NULL,NULL,NULL,FALSE,FALSE),

(49,31,NULL,NULL,NULL,NULL,FALSE,FALSE),
(49,32,NULL,NULL,NULL,NULL,FALSE,FALSE),
(49,33,NULL,NULL,NULL,NULL,FALSE,FALSE),
(49,34,NULL,NULL,NULL,NULL,FALSE,FALSE),
(49,35,NULL,NULL,NULL,NULL,FALSE,FALSE),
(49,36,NULL,NULL,NULL,NULL,FALSE,FALSE),

(50,31,NULL,NULL,NULL,NULL,FALSE,FALSE),
(50,32,NULL,NULL,NULL,NULL,FALSE,FALSE),
(50,33,NULL,NULL,NULL,NULL,FALSE,FALSE),
(50,34,NULL,NULL,NULL,NULL,FALSE,FALSE),
(50,35,NULL,NULL,NULL,NULL,FALSE,FALSE),
(50,36,NULL,NULL,NULL,NULL,FALSE,FALSE),

(51,31,NULL,NULL,NULL,NULL,FALSE,FALSE),
(51,32,NULL,NULL,NULL,NULL,FALSE,FALSE),
(51,33,NULL,NULL,NULL,NULL,FALSE,FALSE),
(51,34,NULL,NULL,NULL,NULL,FALSE,FALSE),
(51,35,NULL,NULL,NULL,NULL,FALSE,FALSE),
(51,36,NULL,NULL,NULL,NULL,FALSE,FALSE),

(52,31,NULL,NULL,NULL,NULL,FALSE,FALSE),
(52,32,NULL,NULL,NULL,NULL,FALSE,FALSE),
(52,33,NULL,NULL,NULL,NULL,FALSE,FALSE),
(52,34,NULL,NULL,NULL,NULL,FALSE,FALSE),
(52,35,NULL,NULL,NULL,NULL,FALSE,FALSE),
(52,36,NULL,NULL,NULL,NULL,FALSE,FALSE),

(53,31,NULL,NULL,NULL,NULL,FALSE,FALSE),
(53,32,NULL,NULL,NULL,NULL,FALSE,FALSE),
(53,33,NULL,NULL,NULL,NULL,FALSE,FALSE),
(53,34,NULL,NULL,NULL,NULL,FALSE,FALSE),
(53,35,NULL,NULL,NULL,NULL,FALSE,FALSE),
(53,36,NULL,NULL,NULL,NULL,FALSE,FALSE),

(54,31,NULL,NULL,NULL,NULL,FALSE,FALSE),
(54,32,NULL,NULL,NULL,NULL,FALSE,FALSE),
(54,33,NULL,NULL,NULL,NULL,FALSE,FALSE),
(54,34,NULL,NULL,NULL,NULL,FALSE,FALSE),
(54,35,NULL,NULL,NULL,NULL,FALSE,FALSE),
(54,36,NULL,NULL,NULL,NULL,FALSE,FALSE),

(55,37,NULL,NULL,NULL,NULL,FALSE,FALSE),
(55,38,NULL,NULL,NULL,NULL,FALSE,FALSE),
(55,39,NULL,NULL,NULL,NULL,FALSE,FALSE),
(55,40,NULL,NULL,NULL,NULL,FALSE,FALSE),
(55,41,NULL,NULL,NULL,NULL,FALSE,FALSE),
(55,42,NULL,NULL,NULL,NULL,FALSE,FALSE),
(55,43,NULL,NULL,NULL,NULL,FALSE,FALSE),
(55,44,NULL,NULL,NULL,NULL,FALSE,FALSE),
(55,45,NULL,NULL,NULL,NULL,FALSE,FALSE),
(55,46,NULL,NULL,NULL,NULL,FALSE,FALSE),

(56,37,NULL,NULL,NULL,NULL,FALSE,FALSE),
(56,38,NULL,NULL,NULL,NULL,FALSE,FALSE),
(56,39,NULL,NULL,NULL,NULL,FALSE,FALSE),
(56,40,NULL,NULL,NULL,NULL,FALSE,FALSE),
(56,41,NULL,NULL,NULL,NULL,FALSE,FALSE),
(56,42,NULL,NULL,NULL,NULL,FALSE,FALSE),
(56,43,NULL,NULL,NULL,NULL,FALSE,FALSE),
(56,44,NULL,NULL,NULL,NULL,FALSE,FALSE),
(56,45,NULL,NULL,NULL,NULL,FALSE,FALSE),
(56,46,NULL,NULL,NULL,NULL,FALSE,FALSE),

(57,37,NULL,NULL,NULL,NULL,FALSE,FALSE),
(57,38,NULL,NULL,NULL,NULL,FALSE,FALSE),
(57,39,NULL,NULL,NULL,NULL,FALSE,FALSE),
(57,40,NULL,NULL,NULL,NULL,FALSE,FALSE),
(57,41,NULL,NULL,NULL,NULL,FALSE,FALSE),
(57,42,NULL,NULL,NULL,NULL,FALSE,FALSE),
(57,43,NULL,NULL,NULL,NULL,FALSE,FALSE),
(57,44,NULL,NULL,NULL,NULL,FALSE,FALSE),
(57,45,NULL,NULL,NULL,NULL,FALSE,FALSE),
(57,46,NULL,NULL,NULL,NULL,FALSE,FALSE),

(58,37,NULL,NULL,NULL,NULL,FALSE,FALSE),
(58,38,NULL,NULL,NULL,NULL,FALSE,FALSE),
(58,39,NULL,NULL,NULL,NULL,FALSE,FALSE),
(58,40,NULL,NULL,NULL,NULL,FALSE,FALSE),
(58,41,NULL,NULL,NULL,NULL,FALSE,FALSE),
(58,42,NULL,NULL,NULL,NULL,FALSE,FALSE),
(58,43,NULL,NULL,NULL,NULL,FALSE,FALSE),
(58,44,NULL,NULL,NULL,NULL,FALSE,FALSE),
(58,45,NULL,NULL,NULL,NULL,FALSE,FALSE),
(58,46,NULL,NULL,NULL,NULL,FALSE,FALSE),

(59,37,NULL,NULL,NULL,NULL,FALSE,FALSE),
(59,38,NULL,NULL,NULL,NULL,FALSE,FALSE),
(59,39,NULL,NULL,NULL,NULL,FALSE,FALSE),
(59,40,NULL,NULL,NULL,NULL,FALSE,FALSE),
(59,41,NULL,NULL,NULL,NULL,FALSE,FALSE),
(59,42,NULL,NULL,NULL,NULL,FALSE,FALSE),
(59,43,NULL,NULL,NULL,NULL,FALSE,FALSE),
(59,44,NULL,NULL,NULL,NULL,FALSE,FALSE),
(59,45,NULL,NULL,NULL,NULL,FALSE,FALSE),
(59,46,NULL,NULL,NULL,NULL,FALSE,FALSE),

(60,37,NULL,NULL,NULL,NULL,FALSE,FALSE),
(60,38,NULL,NULL,NULL,NULL,FALSE,FALSE),
(60,39,NULL,NULL,NULL,NULL,FALSE,FALSE),
(60,40,NULL,NULL,NULL,NULL,FALSE,FALSE),
(60,41,NULL,NULL,NULL,NULL,FALSE,FALSE),
(60,42,NULL,NULL,NULL,NULL,FALSE,FALSE),
(60,43,NULL,NULL,NULL,NULL,FALSE,FALSE),
(60,44,NULL,NULL,NULL,NULL,FALSE,FALSE),
(60,45,NULL,NULL,NULL,NULL,FALSE,FALSE),
(60,46,NULL,NULL,NULL,NULL,FALSE,FALSE),

(61,37,NULL,NULL,NULL,NULL,FALSE,FALSE),
(61,38,NULL,NULL,NULL,NULL,FALSE,FALSE),
(61,39,NULL,NULL,NULL,NULL,FALSE,FALSE),
(61,40,NULL,NULL,NULL,NULL,FALSE,FALSE),
(61,41,NULL,NULL,NULL,NULL,FALSE,FALSE),
(61,42,NULL,NULL,NULL,NULL,FALSE,FALSE),
(61,43,NULL,NULL,NULL,NULL,FALSE,FALSE),
(61,44,NULL,NULL,NULL,NULL,FALSE,FALSE),
(61,45,NULL,NULL,NULL,NULL,FALSE,FALSE),
(61,46,NULL,NULL,NULL,NULL,FALSE,FALSE),

(62,47,NULL,NULL,NULL,NULL,FALSE,FALSE),
(62,48,NULL,NULL,NULL,NULL,FALSE,FALSE),
(62,49,NULL,NULL,NULL,NULL,FALSE,FALSE),
(62,50,NULL,NULL,NULL,NULL,FALSE,FALSE),
(62,51,NULL,NULL,NULL,NULL,FALSE,FALSE),
(62,52,NULL,NULL,NULL,NULL,FALSE,FALSE),

(63,47,NULL,NULL,NULL,NULL,FALSE,FALSE),
(63,48,NULL,NULL,NULL,NULL,FALSE,FALSE),
(63,49,NULL,NULL,NULL,NULL,FALSE,FALSE),
(63,50,NULL,NULL,NULL,NULL,FALSE,FALSE),
(63,51,NULL,NULL,NULL,NULL,FALSE,FALSE),
(63,52,NULL,NULL,NULL,NULL,FALSE,FALSE),

(64,47,NULL,NULL,NULL,NULL,FALSE,FALSE),
(64,48,NULL,NULL,NULL,NULL,FALSE,FALSE),
(64,49,NULL,NULL,NULL,NULL,FALSE,FALSE),
(64,50,NULL,NULL,NULL,NULL,FALSE,FALSE),
(64,51,NULL,NULL,NULL,NULL,FALSE,FALSE),
(64,52,NULL,NULL,NULL,NULL,FALSE,FALSE),

(65,47,NULL,NULL,NULL,NULL,FALSE,FALSE),
(65,48,NULL,NULL,NULL,NULL,FALSE,FALSE),
(65,49,NULL,NULL,NULL,NULL,FALSE,FALSE),
(65,50,NULL,NULL,NULL,NULL,FALSE,FALSE),
(65,51,NULL,NULL,NULL,NULL,FALSE,FALSE),
(65,52,NULL,NULL,NULL,NULL,FALSE,FALSE),

(66,47,NULL,NULL,NULL,NULL,FALSE,FALSE),
(66,48,NULL,NULL,NULL,NULL,FALSE,FALSE),
(66,49,NULL,NULL,NULL,NULL,FALSE,FALSE),
(66,50,NULL,NULL,NULL,NULL,FALSE,FALSE),
(66,51,NULL,NULL,NULL,NULL,FALSE,FALSE),
(66,52,NULL,NULL,NULL,NULL,FALSE,FALSE),

(67,47,NULL,NULL,NULL,NULL,FALSE,FALSE),
(67,48,NULL,NULL,NULL,NULL,FALSE,FALSE),
(67,49,NULL,NULL,NULL,NULL,FALSE,FALSE),
(67,50,NULL,NULL,NULL,NULL,FALSE,FALSE),
(67,51,NULL,NULL,NULL,NULL,FALSE,FALSE),
(67,52,NULL,NULL,NULL,NULL,FALSE,FALSE),

(68,53,NULL,NULL,NULL,NULL,FALSE,FALSE),
(68,54,NULL,NULL,NULL,NULL,FALSE,FALSE),
(68,55,NULL,NULL,NULL,NULL,FALSE,FALSE),
(68,56,NULL,NULL,NULL,NULL,FALSE,FALSE),
(68,57,NULL,NULL,NULL,NULL,FALSE,FALSE),
(68,58,NULL,NULL,NULL,NULL,FALSE,FALSE),
(68,59,NULL,NULL,NULL,NULL,FALSE,FALSE),
(68,60,NULL,NULL,NULL,NULL,FALSE,FALSE),
(68,61,NULL,NULL,NULL,NULL,FALSE,FALSE),
(68,62,NULL,NULL,NULL,NULL,FALSE,FALSE),

(69,53,NULL,NULL,NULL,NULL,FALSE,FALSE),
(69,54,NULL,NULL,NULL,NULL,FALSE,FALSE),
(69,55,NULL,NULL,NULL,NULL,FALSE,FALSE),
(69,56,NULL,NULL,NULL,NULL,FALSE,FALSE),
(69,57,NULL,NULL,NULL,NULL,FALSE,FALSE),
(69,58,NULL,NULL,NULL,NULL,FALSE,FALSE),
(69,59,NULL,NULL,NULL,NULL,FALSE,FALSE),
(69,60,NULL,NULL,NULL,NULL,FALSE,FALSE),
(69,61,NULL,NULL,NULL,NULL,FALSE,FALSE),
(69,62,NULL,NULL,NULL,NULL,FALSE,FALSE),

(70,53,NULL,NULL,NULL,NULL,FALSE,FALSE),
(70,54,NULL,NULL,NULL,NULL,FALSE,FALSE),
(70,55,NULL,NULL,NULL,NULL,FALSE,FALSE),
(70,56,NULL,NULL,NULL,NULL,FALSE,FALSE),
(70,57,NULL,NULL,NULL,NULL,FALSE,FALSE),
(70,58,NULL,NULL,NULL,NULL,FALSE,FALSE),
(70,59,NULL,NULL,NULL,NULL,FALSE,FALSE),
(70,60,NULL,NULL,NULL,NULL,FALSE,FALSE),
(70,61,NULL,NULL,NULL,NULL,FALSE,FALSE),
(70,62,NULL,NULL,NULL,NULL,FALSE,FALSE),

(71,53,NULL,NULL,NULL,NULL,FALSE,FALSE),
(71,54,NULL,NULL,NULL,NULL,FALSE,FALSE),
(71,55,NULL,NULL,NULL,NULL,FALSE,FALSE),
(71,56,NULL,NULL,NULL,NULL,FALSE,FALSE),
(71,57,NULL,NULL,NULL,NULL,FALSE,FALSE),
(71,58,NULL,NULL,NULL,NULL,FALSE,FALSE),
(71,59,NULL,NULL,NULL,NULL,FALSE,FALSE),
(71,60,NULL,NULL,NULL,NULL,FALSE,FALSE),
(71,61,NULL,NULL,NULL,NULL,FALSE,FALSE),
(71,62,NULL,NULL,NULL,NULL,FALSE,FALSE),

(72,53,NULL,NULL,NULL,NULL,FALSE,FALSE),
(72,54,NULL,NULL,NULL,NULL,FALSE,FALSE),
(72,55,NULL,NULL,NULL,NULL,FALSE,FALSE),
(72,56,NULL,NULL,NULL,NULL,FALSE,FALSE),
(72,57,NULL,NULL,NULL,NULL,FALSE,FALSE),
(72,58,NULL,NULL,NULL,NULL,FALSE,FALSE),
(72,59,NULL,NULL,NULL,NULL,FALSE,FALSE),
(72,60,NULL,NULL,NULL,NULL,FALSE,FALSE),
(72,61,NULL,NULL,NULL,NULL,FALSE,FALSE),
(72,62,NULL,NULL,NULL,NULL,FALSE,FALSE),

(73,53,NULL,NULL,NULL,NULL,FALSE,FALSE),
(73,54,NULL,NULL,NULL,NULL,FALSE,FALSE),
(73,55,NULL,NULL,NULL,NULL,FALSE,FALSE),
(73,56,NULL,NULL,NULL,NULL,FALSE,FALSE),
(73,57,NULL,NULL,NULL,NULL,FALSE,FALSE),
(73,58,NULL,NULL,NULL,NULL,FALSE,FALSE),
(73,59,NULL,NULL,NULL,NULL,FALSE,FALSE),
(73,60,NULL,NULL,NULL,NULL,FALSE,FALSE),
(73,61,NULL,NULL,NULL,NULL,FALSE,FALSE),
(73,62,NULL,NULL,NULL,NULL,FALSE,FALSE),

(74,63,NULL,NULL,NULL,NULL,FALSE,FALSE),
(74,64,NULL,NULL,NULL,NULL,FALSE,FALSE),
(74,65,NULL,NULL,NULL,NULL,FALSE,FALSE),
(74,66,NULL,NULL,NULL,NULL,FALSE,FALSE),
(74,67,NULL,NULL,NULL,NULL,FALSE,FALSE),
(74,68,NULL,NULL,NULL,NULL,FALSE,FALSE),

(75,63,NULL,NULL,NULL,NULL,FALSE,FALSE),
(75,64,NULL,NULL,NULL,NULL,FALSE,FALSE),
(75,65,NULL,NULL,NULL,NULL,FALSE,FALSE),
(75,66,NULL,NULL,NULL,NULL,FALSE,FALSE),
(75,67,NULL,NULL,NULL,NULL,FALSE,FALSE),
(75,68,NULL,NULL,NULL,NULL,FALSE,FALSE),

(76,63,NULL,NULL,NULL,NULL,FALSE,FALSE),
(76,64,NULL,NULL,NULL,NULL,FALSE,FALSE),
(76,65,NULL,NULL,NULL,NULL,FALSE,FALSE),
(76,66,NULL,NULL,NULL,NULL,FALSE,FALSE),
(76,67,NULL,NULL,NULL,NULL,FALSE,FALSE),
(76,68,NULL,NULL,NULL,NULL,FALSE,FALSE),

(77,63,NULL,NULL,NULL,NULL,FALSE,FALSE),
(77,64,NULL,NULL,NULL,NULL,FALSE,FALSE),
(77,65,NULL,NULL,NULL,NULL,FALSE,FALSE),
(77,66,NULL,NULL,NULL,NULL,FALSE,FALSE),
(77,67,NULL,NULL,NULL,NULL,FALSE,FALSE),
(77,68,NULL,NULL,NULL,NULL,FALSE,FALSE),

(78,63,NULL,NULL,NULL,NULL,FALSE,FALSE),
(78,64,NULL,NULL,NULL,NULL,FALSE,FALSE),
(78,65,NULL,NULL,NULL,NULL,FALSE,FALSE),
(78,66,NULL,NULL,NULL,NULL,FALSE,FALSE),
(78,67,NULL,NULL,NULL,NULL,FALSE,FALSE),
(78,68,NULL,NULL,NULL,NULL,FALSE,FALSE);

--
INSERT INTO "public"."local_trainers"("local_trainers_id","first_name","last_name","title","email","phone_number","organization","district","cohort_ref_id","status","notes")
VALUES
(13,E'Joan',E'Netterville',E'Dynamic Ideation Developer',E'bobosmith1991@gmail.com',E'(509)489-9622',E'Mountain Electronics ',E'East Wot ',7,TRUE,NULL),
(14,E'Parthenia',E'Martinkus',E'Chief Tactics Liason',E'bobosmith1991@gmail.com',E'(618)263-1379',E'Life Limited',E'Snilp Place',7,TRUE,NULL),
(15,E'Carlos',E'Rotter',E'Investor Factors Synergist',E'bobosmith1991@gmail.com',E'(310)881-8944',E'Question Limited',E'Throcub Circle',7,TRUE,NULL),
(16,E'Dale',E'Lisherness',E'Investor Branding Liason',E'bobosmith1991@gmail.com',E'(608)369-1039',E'Champroductions',E'Graikreok Garden',7,TRUE,NULL),
(17,E'Jen',E'Hedon',E'Interactive Tactics Agent',E'bobosmith1991@gmail.com',E'(336)472-7880',E'Monarctronics',E'Lower South Lowoord',7,TRUE,NULL),
(18,E'Edmundo',E'Tammo',E'Customer Factors Officer',E'bobosmith1991@gmail.com',E'(586)451-6748',E'Tidustries',E'Upper Fattusk',7,TRUE,NULL),
(19,E'Tracee',E'Kremers',E'Chief Optimization Producer',E'bobosmith1991@gmail.com',E'(336)447-2866',E'Primedia',E'Sprollis Market',7,TRUE,NULL),
(20,E'Sylvester',E'Chomka',E'Interactive Applications Associate',E'bobosmith1991@gmail.com',E'(650)996-4039',E'Forestsun',E'West Spreseect',7,TRUE,NULL),
(21,E'Antionette',E'Salwasser',E'Corporate Functionality Executive',E'bobosmith1991@gmail.com',E'(831)264-5089',E'Gemwater',E'Preonortiob Wood',7,TRUE,NULL),
(22,E'Kathryn',E'Hasselbarth',E'Central Interactions Executive',E'bobosmith1991@gmail.com',E'(417)639-1311',E'Beedlespace',E'Zoffioglob Park',7,TRUE,NULL),
(23,E'Marcy',E'Curry',E'Senior Intranet Analyst',E'bobosmith1991@gmail.com',E'(714)699-6022',E'Ace Foods',E'Keg Acre',7,TRUE,NULL),
(24,E'Willis',E'Blancarte',E'Regional Paradigm Liason',E'bobosmith1991@gmail.com',E'(501)940-3342',E'Herb Media',E'Hial Acre',8,TRUE,NULL),
(25,E'Loreta',E'Black',E'Relational Tactics Facilitator',E'bobosmith1991@gmail.com',E'(404)957-6536',E'Heart Softwares',E'Sphullul Place',8,TRUE,NULL),
(26,E'Charline',E'Kenaan',E'Lead Identity Coordinator',E'bobosmith1991@gmail.com',E'(248)413-3257',E'Monarctronics',E'Fort Stroldeld ',8,TRUE,NULL),
(27,E'Renda',E'Thibeau',E'Chief Security Administrator',E'bobosmith1991@gmail.com',E'(308)348-8773',E'Greatechnologies',E'Beaheft Center',8,TRUE,NULL),
(28,E'Toni',E'Shupe',E'Senior Mobility Engineer',E'bobosmith1991@gmail.com',E'(725)244-2578',E'Bullimited',E'Stufolp Avenue',9,TRUE,NULL),
(29,E'Lillia',E'McElmurry',E'Future Tactics Officer',E'bobosmith1991@gmail.com',E'(316)491-6290',E'Ceasarts',E'Turiank Road',9,TRUE,NULL),
(30,E'Ann',E'Foote',E'Lead Web Director',E'bobosmith1991@gmail.com',E'(260)470-2630',E'Typhoonwell',E'Lower West Relail',10,TRUE,NULL),
(31,E'Michael',E'Romaine',E'Internal Assurance Developer',E'bobosmith1991@gmail.com',E'(305)250-4221',E'Stormdew',E'Spherraphosp Row',11,TRUE,NULL),
(32,E'Gregg',E'McCraw',E'Relational Markets Designer',E'bobosmith1991@gmail.com',E'(423)532-9434',E'Globalforce',E'Spannessup Side',12,TRUE,NULL),
(33,E'Kristin',E'Eshlerman',E'Human Group Director',E'bobosmith1991@gmail.com',E'(831)455-7795',E'Revelation Softwares',E'Paird South',12,TRUE,NULL),
(34,E'Joye',E'Terpestra',E'Senior Creative Architect',E'bobosmith1991@gmail.com',E'(203)401-3964',E'Root Media',E'Upper East Lict',11,TRUE,NULL),
(35,E'Tien',E'Galvano',E'Global Directives Facilitator',E'bobosmith1991@gmail.com',E'(650)564-2030',E'Ocean Enterprises',E'Beef Gristle Mill Hill',11,TRUE,NULL),
(36,E'Sima',E'Bross',E'Communications Engineer',E'bobosmith1991@gmail.com',E'(781)629-4176',E'Moondustries',E'Zolded Hill',9,TRUE,NULL),
(37,E'Obdulia',E'Stockel',E'Marketing Liason',E'bobosmith1991@gmail.com',E'(225)681-4072',E'Luckytronics',E'Lower South Fredgic',12,TRUE,NULL),
(38,E'Kenia',E'Gonnerman',E'Internal Directives Supervisor',E'bobosmith1991@gmail.com',E'(617)514-4261',E'Hurricanetworks',E'Lower South Sceffep',12,TRUE,NULL),
(39,E'Deborah',E'Speich',E'Central Factors Architect',E'bobosmith1991@gmail.com',E'(203)785-5681',E'Honeydustries',E'Strammut Cross',11,TRUE,NULL),
(40,E'Virgil',E'Hlavacek',E'Internal Quality Manager',E'bobosmith1991@gmail.com',E'(419)285-4638',E'Pinnaclemart',E'Lower South Weoppid ',8,TRUE,NULL),
(41,E'Ettie',E'Swarner',E'Legacy Marketing Architect',E'bobosmith1991@gmail.com',E'(574)350-8993',E'Shadefruit',E'Kuppoopt Corner',8,TRUE,NULL),
(42,E'Pedro',E'Ruhoff',E'Direct Applications Agent',E'bobosmith1991@gmail.com',E'(571)264-2290',E'Mermaidwalk',E'West Splaittinwerd Acre',8,TRUE,NULL),
(43,E'Tarra',E'Bingamon',E'Forward Metrics Coordinator',E'bobosmith1991@gmail.com',E'(267)454-7394',E'Dream Sports',E'Dent Road',8,TRUE,NULL),
(44,E'Brendan',E'Aarhus',E'Relational Usability Director',E'bobosmith1991@gmail.com',E'(415)430-9946',E'Essence Sports',E'Lower West Solt ',8,TRUE,NULL),
(45,E'Remona',E'Bruning',E'Senior Directives Technician',E'bobosmith1991@gmail.com',E'(260)569-6344',E'Sail Coms',E'Wraiggeast Grove',9,TRUE,NULL),
(46,E'Wava',E' Melberg',E'Customer Data Agent',E'bobosmith1991@gmail.com',E'(313)288-2696',E'Hatchworks',E'Tudad Street',9,TRUE,NULL),
(47,E'Patsy',E'Mitchell',E'Customer Data Agent',E'bobosmith1991@gmail.com',E'(562)365-1408',E'Brisco',E'East Lissasp',10,TRUE,NULL),
(48,E'Clemmie',E'Tuner',E'Interactive Group Officer',E'bobosmith1991@gmail.com',E'(478)978-7563',E'Sunshinetworks',E'Upper Wheeleesk ',10,TRUE,NULL),
(49,E'Ena',E'Westre',E'National Accountability Architect',E'bobosmith1991@gmail.com',E'(443)352-4156',E'Labyrintelligence',E'South Creannom ',10,TRUE,NULL),
(50,E'Bill',E'Hindsman',E'Senior Security Orchestrator',E'bobosmith1991@gmail.com',E'(561)854-1226',E'Waveland',E'Upper East Bammek ',10,TRUE,NULL),
(51,E'Enid',E'Gabriel',E'Dynamic Group Representative',E'bobosmith1991@gmail.com',E'(480)929-3880',E'Timberbite',E'Gesechailp South',10,TRUE,NULL),
(52,E'Frances',E'Goldberger',E'Dynamic Data Executive',E'bobosmith1991@gmail.com',E'(785)721-6744',E'Diamondphone',E'Wriserthob Cross',10,TRUE,NULL),
(53,E'Fanny',E'Slingluff',E'Internal Integration Architect',E'bobosmith1991@gmail.com',E'(301)236-3133',E'Dream Sports',E'Talp Point',10,TRUE,NULL),
(54,E'Shirlee',E'Firlik',E'Relational Directives Orchestrator',E'bobosmith1991@gmail.com',E'(262)995-9097',E'Essence Sports',E'Lower North Weal ',10,TRUE,NULL),
(55,E'Adria',E'Nee',E'Internal Brand Orchestrator',E'bobosmith1991@gmail.com',E'(251)302-8578',E'Sail Coms',E'Guwlet Market',11,TRUE,NULL),
(56,E'Cleora',E'Lichorat',E'Paradigm Producer',E'bobosmith1991@gmail.com',E'(360)346-1419',E'Hatchworks',E'Chefild Market',11,TRUE,NULL),
(57,E'Larhonda',E'Fava',E'Regional Brand Supervisor',E'bobosmith1991@gmail.com',E'(803)962-6056',E'Brisco',E'Upper South Troffurd',11,TRUE,NULL),
(58,E'Robbyn',E'Chun',E'Legacy Security Associate',E'bobosmith1991@gmail.com',E'(503)618-8832',E'Sunshinetworks',E'Yoadeog Street',11,TRUE,NULL),
(59,E'Keshia',E'Sebastian',E'Product Identity Engineer',E'bobosmith1991@gmail.com',E'(323)231-4810',E'Waveland',E'Bayside Tionnon ',11,TRUE,NULL),
(60,E'Merrilee',E'Cuomo',E'Internal Ideation Specialist',E'bobosmith1991@gmail.com',E'(318)345-7415',E'Diamondphone',E'Norrop Yard',11,TRUE,NULL),
(61,E'Una',E'Losch',E'Chief Factors Consultant',E'bobosmith1991@gmail.com',E'(228)220-3927',E'Bull Industries',E'Soard Market',11,TRUE,NULL),
(62,E'Nelda',E'Marwick',E'Senior Directives Technician',E'bobosmith1991@gmail.com',E'(509)633-3665',E'Frostfire Networks',E'Wrirk Boulevard',12,TRUE,NULL),
(63,E'Stephan',E'Spruill',E'Lead Solutions Associate',E'bobosmith1991@gmail.com',E'(720)881-8387',E'Orc Co.',E'Gorstosk Row',12,TRUE,NULL),
(64,E'Gene',E'Ottey',E'Corporate Identity Planner',E'bobosmith1991@gmail.com',E'(607)417-9859',E'Monarctronics',E'Bayside Coweet',12,TRUE,NULL),
(65,E'Chad',E'Scarsdale',E'Senior Metrics Assistant',E'bobosmith1991@gmail.com',E'(301)256-7684',E'Venusystems',E'Bayside Coweet ',12,TRUE,NULL),
(66,E'Aleshia',E'Garlock',E'Product Optimization Manager',E'bobosmith1991@gmail.com',E'(203)408-6308',E'Voidustries',E'Suwird Circle',12,TRUE,NULL),
(67,E'Leisa',E'Hernon',E'Investor Quality Associate',E'bobosmith1991@gmail.com',E'(228)337-4778',E'Houndnavigations',E'Sputteb Cross',12,TRUE,NULL),
(68,E'Loura',E'Tehrani',E'Regional Intranet Associate',E'bobosmith1991@gmail.com',E'(256)964-5115',E'Leopardshadow',E'Waterside Second ',13,TRUE,NULL),
(69,E'Darwin',E'Hool',E'Dynamic Program Engineer',E'bobosmith1991@gmail.com',E'(662)202-8863',E'Wonderdream',E'Midtown',13,TRUE,NULL),
(70,E'Harris',E'Pearce',E'Relational Resonance Developer',E'bobosmith1991@gmail.com',E'(432)836-6407',E'Sunshine Co.',E'Splad Valley',13,TRUE,NULL),
(71,E'Ethel',E'Aiava',E'Customer Quality Executive',E'bobosmith1991@gmail.com',E'(330)569-9668',E'Wizard Software',E'Peonnil Circle',13,TRUE,NULL),
(72,E'Cristie',E'Pocius',E'Chief Program Officer',E'bobosmith1991@gmail.com',E'(352)416-4709',E'Raptor Arts',E'Woawean Square',13,TRUE,NULL),
(73,E'Arla',E'Niemel',E'Global Identity Designer',E'bobosmith1991@gmail.com',E'(740)989-6708',E'Blossomotors',E'Busolt Acre',13,TRUE,NULL),
(74,E'Freddie',E'Eversman',E'Investor Group Executive',E'bobosmith1991@gmail.com',E'(470)331-5926',E'Mountainetworks',E'Whinik Street',14,TRUE,NULL),
(75,E'Bret',E'Lackie',E'National Solutions Associate',E'bobosmith1991@gmail.com',E'(281)707-2054',E'Sunlightning',E'Slol Side',14,TRUE,NULL),
(76,E'Garnet',E'Feerst',E'National Ideation Developer',E'bobosmith1991@gmail.com',E'(785)359-9618',E'Squid Productions',E'Crolt Market',14,TRUE,NULL),
(77,E'Felicia',E'Gleitz',E'Regional Quality Strategist',E'bobosmith1991@gmail.com',E'(305)660-5929',E'Sphere Limited',E'Crolt Market',14,TRUE,NULL),
(78,E'Shasta',E'Credille',E'Direct Optimization Strategist',E'bobosmith1991@gmail.com',E'(850)835-4629',E'Luckyshack',E'Lower West Nothilt ',14,TRUE,NULL);

INSERT INTO "public"."cohort"("cohort_id","name","start_date","description","state_level_organization_ref_id")
VALUES
(12,E'Cohort 2',E'2018-09-15',E'',6),
(11,E'Cohort 1',E'2018-09-14',E'',6),
(14,E'Cohort 2',E'2018-09-15',E'',4),
(13,E'Cohort 1',E'2018-09-15',E'',4),
(10,E'Cohort 3',E'2018-09-14',E'',3),
(9,E'Cohort 2',E'2018-09-13',E'',3),
(8,E'Cohort 1',E'2018-09-12',E'',3),
(7,E'Cohort 1',E'2018-09-11',E'Isaac visited the group and it went well.',1);

INSERT INTO "public"."cohort_requirements"("cohort_id","requirement_id","due_date","notes","notification_1_date","notification_2_date","cycle")
VALUES
(7,1,E'2018-09-11',NULL,E'2018-09-11',E'2018-09-11',1),
(7,2,E'2018-09-21',NULL,E'2018-09-14',E'2018-09-18',1),
(7,3,E'2019-08-07',NULL,E'2019-02-08',E'2019-06-08',1),
(7,4,E'2019-09-11',NULL,E'2019-02-18',E'2019-08-17',1),
(7,6,E'2020-09-10',NULL,E'2020-03-04',E'2020-07-12',1),
(7,7,E'2020-09-10',NULL,E'2020-03-04',E'2020-07-12',1),

(8,1,E'2018-09-12',NULL,E'2018-09-12',E'2018-09-12',1),
(8,2,E'2018-09-22',NULL,E'2018-09-15',E'2018-09-19',1),
(8,3,E'2019-08-08',NULL,E'2019-02-09',E'2019-06-09',1),
(8,4,E'2019-09-12',NULL,E'2019-02-19',E'2019-08-18',1),
(8,6,E'2020-09-11',NULL,E'2020-03-05',E'2020-07-13',1),
(8,7,E'2020-09-11',NULL,E'2020-03-05',E'2020-07-13',1),
(8,2,E'2020-09-21',NULL,E'2020-09-14',E'2020-09-18',2),
(8,5,E'2021-09-11',NULL,E'2021-02-18',E'2021-08-17',2),
(8,6,E'2022-09-11',NULL,E'2022-03-05',E'2022-07-13',2),
(8,7,E'2022-09-11',NULL,E'2022-03-05',E'2022-07-13',2),
(8,2,E'2022-09-21',NULL,E'2022-09-14',E'2022-09-18',3),
(8,5,E'2023-09-11',NULL,E'2023-02-18',E'2023-08-17',3),
(8,6,E'2024-09-11',NULL,E'2024-03-05',E'2024-07-13',3),
(8,7,E'2024-09-11',NULL,E'2024-03-05',E'2024-07-13',3),

(9,1,E'2018-09-13',NULL,E'2018-09-13',E'2018-09-13',1),
(9,2,E'2018-09-23',NULL,E'2018-09-16',E'2018-09-20',1),
(9,3,E'2019-08-09',NULL,E'2019-02-10',E'2019-06-10',1),
(9,4,E'2019-09-13',NULL,E'2019-02-20',E'2019-08-19',1),
(9,6,E'2020-09-12',NULL,E'2020-03-06',E'2020-07-14',1),
(9,7,E'2020-09-12',NULL,E'2020-03-06',E'2020-07-14',1),
(9,2,E'2020-09-22',NULL,E'2020-09-15',E'2020-09-19',2),
(9,5,E'2021-09-12',NULL,E'2021-03-06',E'2021-07-14',2),
(9,6,E'2022-09-12',NULL,E'2022-03-06',E'2022-07-14',2),
(9,7,E'2022-09-12',NULL,E'2022-03-06',E'2022-07-14',2),

(10,1,E'2018-09-14',NULL,E'2018-09-14',E'2018-09-14',1),
(10,2,E'2018-09-24',NULL,E'2018-09-17',E'2018-09-21',1),
(10,3,E'2019-08-10',NULL,E'2019-02-11',E'2019-06-11',1),
(10,4,E'2019-09-14',NULL,E'2019-02-21',E'2019-08-20',1),
(10,6,E'2020-09-13',NULL,E'2020-03-07',E'2020-07-15',1),
(10,7,E'2020-09-13',NULL,E'2020-03-07',E'2020-07-15',1),

(11,1,E'2018-09-14',NULL,E'2018-09-14',E'2018-09-14',1),
(11,4,E'2019-09-14',NULL,E'2019-02-21',E'2019-08-20',1),
(11,6,E'2020-09-13',NULL,E'2020-03-07',E'2020-07-15',1),
(11,3,E'2019-08-10',NULL,E'2019-02-11',E'2019-06-11',1),
(11,7,E'2020-09-13',NULL,E'2020-03-07',E'2020-07-15',1),
(11,2,E'2018-09-24',NULL,E'2018-09-17',E'2018-09-21',1),
(11,2,E'2020-09-23',NULL,E'2020-09-16',E'2020-09-20',2),
(11,5,E'2021-09-13',NULL,E'2021-03-07',E'2021-07-15',2),
(11,6,E'2022-09-13',NULL,E'2022-03-07',E'2022-07-15',2),
(11,7,E'2022-09-13',NULL,E'2022-03-07',E'2022-07-15',2),

(12,1,E'2018-09-15',NULL,E'2018-09-15',E'2018-09-15',1),
(12,2,E'2018-09-25',NULL,E'2018-09-18',E'2018-09-22',1),
(12,3,E'2019-08-11',NULL,E'2019-02-12',E'2019-06-12',1),
(12,4,E'2019-09-15',NULL,E'2019-02-22',E'2019-08-21',1),
(12,6,E'2020-09-14',NULL,E'2020-03-08',E'2020-07-16',1),
(12,7,E'2020-09-14',NULL,E'2020-03-08',E'2020-07-16',1),

(13,1,E'2018-09-15',NULL,E'2018-09-15',E'2018-09-15',1),
(13,2,E'2018-09-25',NULL,E'2018-09-18',E'2018-09-22',1),
(13,4,E'2019-09-15',NULL,E'2019-02-22',E'2019-08-21',1),
(13,3,E'2019-08-11',NULL,E'2019-02-12',E'2019-06-12',1),
(13,6,E'2020-09-14',NULL,E'2020-03-08',E'2020-07-16',1),
(13,7,E'2020-09-14',NULL,E'2020-03-08',E'2020-07-16',1),
(13,2,E'2020-09-24',NULL,E'2020-09-17',E'2020-09-21',2),
(13,5,E'2021-09-14',NULL,E'2021-03-08',E'2021-07-16',2),
(13,6,E'2022-09-14',NULL,E'2022-03-08',E'2022-07-16',2),
(13,7,E'2022-09-14',NULL,E'2022-03-08',E'2022-07-16',2),

(14,1,E'2018-09-15',NULL,E'2018-09-15',E'2018-09-15',1),
(14,2,E'2018-09-25',NULL,E'2018-09-18',E'2018-09-22',1),
(14,3,E'2019-08-11',NULL,E'2019-02-12',E'2019-06-12',1),
(14,4,E'2019-09-15',NULL,E'2019-02-22',E'2019-08-21',1),
(14,6,E'2020-09-14',NULL,E'2020-03-08',E'2020-07-16',1),
(14,7,E'2020-09-14',NULL,E'2020-03-08',E'2020-07-16',1);

